Annual Distance (miles/vehicle),2020.0
LDVs,10658.901952324
HDVs,27511.244894747
aircraft,1376438.833919496
rail,14677.91366161
ships,196487.259244776
motorbikes,0.0
