Annual Distance (miles/vehicle),2020.0
LDVs,12217.113969181
HDVs,7487.533748121
aircraft,1762715.017189615
rail,393494.204651163
ships,208.765974634
motorbikes,2076.898613628
