Annual Distance (miles/vehicle),2020.0
LDVs,12124.708814089
HDVs,13711.177688774
aircraft,1863090.763797856
rail,393494.204651163
ships,221.767250233
motorbikes,2389.892326197
