Annual Distance (miles/vehicle),2020.0
LDVs,10942.135224648
HDVs,27491.46799447
aircraft,1810819.476439969
rail,15208.295066479
ships,199505.291156273
motorbikes,0.0
