Annual Distance (miles/vehicle),2020.0
LDVs,12170.182734022
HDVs,13997.280555122
aircraft,1494370.610857793
rail,420280.902173913
ships,222.401606104
motorbikes,2399.415265854
