Annual Distance (miles/vehicle),2020.0
LDVs,10983.658701457
HDVs,28065.05101232
aircraft,1591186.670394246
rail,15525.400932273
ships,201310.14261347
motorbikes,0.0
