solar pv,Hour0,Hour1,Hour2,Hour3,Hour4,Hour5,Hour6,Hour7,Hour8,Hour9,Hour10,Hour11,Hour12,Hour13,Hour14,Hour15,Hour16,Hour17,Hour18,Hour19,Hour20,Hour21,Hour22,Hour23
Winter,0,0,0,0,0.0,0.0,0.007274576281226417,0.13065143644923224,0.2748849456584498,0.29558579384793154,0.2799353544900157,0.2731976061807712,0.27803091546484415,0.2863830949545345,0.2574412872574473,0.1315920463603478,0.014062245876792705,0.0,0.0,0,0,0,0,0
Spring,0,0,0,0,0.0029941162191642074,0.07854388802651806,0.25107156331480807,0.3717626582786982,0.4217405414077192,0.44722042399440054,0.4447873417662837,0.4441888668104952,0.44381561812322823,0.4440779951164544,0.4212851547900506,0.38050875154627245,0.2518395384520616,0.06829493184862677,7.691360974006545e-05,0,0,0,0,0
Summer,0,0,0,0,0.015003501655392288,0.15146710760056512,0.3246064854509165,0.40780833574454384,0.45383536140220776,0.47207626047722767,0.4690604596576162,0.45949037158960254,0.4566083881073969,0.45161233623057667,0.42884712208514236,0.3897718457216165,0.3034697914712526,0.1446065136945226,0.010990209215209209,0,0,0,0,0
Fall,0,0,0,0,0.0,0.010759626385511565,0.16538964029123987,0.3203947965815242,0.3662497153117065,0.36936466654682826,0.36423480236408584,0.35434802768779755,0.34976052221504894,0.3507393067796544,0.3300959698913576,0.2507321252128064,0.08432123966699377,0.000766918853841182,0.0,0,0,0,0,0
Summer Peak,0,0,0,0,0.0055807354267244464,0.14322997525813363,0.2787697505024077,0.4290490757732459,0.4340423653655783,0.5053102259106862,0.5168989300982384,0.4668058216746257,0.45233329248187615,0.4178074986696527,0.3268067985056483,0.11562002104170742,0.09132112516458184,0.028998462552261954,0.0,0,0,0,0,0
Winter Peak,0,0,0,0,0.0,0.0,0.0,0.11217545228549952,0.27254816507452834,0.39318817779194964,0.35163973605040305,0.2896374984386606,0.254283940041612,0.32023808599380993,0.2032028545328853,0.03562057923086322,0.0,0.0,0.0,0,0,0,0,0
