solar pv dist,Hour0,Hour1,Hour2,Hour3,Hour4,Hour5,Hour6,Hour7,Hour8,Hour9,Hour10,Hour11,Hour12,Hour13,Hour14,Hour15,Hour16,Hour17,Hour18,Hour19,Hour20,Hour21,Hour22,Hour23
Winter,0,0,0,0,0.0,0.0,0.03215287268733477,0.18587735508531827,0.3199275619410191,0.32736542039063504,0.30505400460913384,0.30299408587056803,0.304399964212884,0.4029391711580526,0.3291692761438766,0.1413591082837919,0.014960865554592319,0.0,0.0,0,0,0,0,0
Spring,0,0,0,0,0.002215099077864743,0.015554283810340616,0.2729920651325512,0.36177612073832527,0.4032112766436622,0.42084992858002274,0.42545713413072783,0.43063662502815153,0.41628707128731796,0.4610772693196437,0.43929880390819975,0.373592424854769,0.20929678317018313,0.09348882732408012,0.0007978830069815728,0,0,0,0,0
Summer,0,0,0,0,0.004764328259484817,0.02080106615251234,0.3214080357820098,0.38269345423789924,0.42107437376181683,0.43293116090078143,0.4270478292394284,0.40925632762984154,0.4171121882470387,0.4354958155634451,0.40795952339589775,0.3577793165433887,0.2657021379326656,0.1459704051330611,0.013066729957238083,0,0,0,0,0
Fall,0,0,0,0,0.0,0.0,0.20403804702485714,0.3116405889216017,0.34179798597838945,0.35126088640680825,0.3438743568775571,0.3455941968632259,0.3387677640219014,0.4001695993709236,0.3721868664015271,0.24634075980052875,0.07479878977239018,0.01205574677813541,0.0,0,0,0,0,0
Summer Peak,0,0,0,0,0.004399347193642234,0.020400198680195842,0.3034485205421131,0.3699354289363514,0.46966579152770876,0.5064216277584617,0.46132831902362875,0.41449655857517914,0.3545731923650039,0.48676647981267296,0.05655289860214291,0.046406017171645504,0.04899595543887036,0.017632867380969277,0.0,0,0,0,0,0
Winter Peak,0,0,0,0,0.0,0.0,0.0,0.2265309018661747,0.4522812743915419,0.45001064358192017,0.40165330305825586,0.346767898956929,0.35833392464344,0.3019229404668985,0.19126516710423616,0.026467040374654083,0.0,0.0,0.0,0,0,0,0,0
