solar pv,Hour0,Hour1,Hour2,Hour3,Hour4,Hour5,Hour6,Hour7,Hour8,Hour9,Hour10,Hour11,Hour12,Hour13,Hour14,Hour15,Hour16,Hour17,Hour18,Hour19,Hour20,Hour21,Hour22,Hour23
Winter,0,0,0,0,0.0,0.0,0.007427170133192556,0.13339202300465103,0.2806510206962187,0.3017860965358182,0.285807368527916,0.27892828704291817,0.28386298137718347,0.29239035887035525,0.26284145850578733,0.1343523634518124,0.014357220069471457,0.0,0.0,0,0,0,0,0
Spring,0,0,0,0,0.003056921764044621,0.08019144988565947,0.25633812118488486,0.379560871377421,0.4305871066585051,0.4566014634580118,0.4541173441144692,0.4535063153555066,0.4531252372837189,0.45339311798114934,0.43012216770466766,0.3884904255105852,0.25712220561563914,0.06972750830637064,7.852697435748592e-05,0,0,0,0,0
Summer,0,0,0,0,0.015318219932040928,0.1546443303694826,0.3314155355004673,0.41636265456799965,0.46335515792060133,0.48197868396186344,0.47889962273421766,0.46912878942063935,0.46618635252591156,0.4610855018579268,0.4378427572580727,0.3979478253288557,0.30983547142919954,0.1476398264389346,0.011220743378743995,0,0,0,0,0
Fall,0,0,0,0,0.0,0.010985323769442897,0.16885890658410493,0.32711550089064717,0.37393228714549764,0.3771125785996615,0.37187510873578433,0.361780945893773,0.357097211430642,0.35809652729510383,0.33702016913224164,0.25599156292007424,0.08608998911244978,0.0007830059904012997,0.0,0,0,0,0,0
Summer Peak,0,0,0,0,0.005697798728097129,0.14623441328953588,0.28461731445614363,0.43804894719169696,0.44314697763262595,0.5159097757440674,0.527741568318202,0.4765976907396843,0.4618215811194515,0.4265715631508889,0.33366200302957305,0.1180453037926343,0.0932367064597712,0.029606743630208047,0.0,0,0,0,0,0
Winter Peak,0,0,0,0,0.0,0.0,0.0,0.11452848065423943,0.2782652230511359,0.40143581947957047,0.3590158442598617,0.29571302776875386,0.2596178817591816,0.32695550309123855,0.20746530297042654,0.03636776795828503,0.0,0.0,0.0,0,0,0,0,0
