Unit: dimensionless (ratio of electricity demand in this hour to annual demand),Hour0,Hour1,Hour2,Hour3,Hour4,Hour5,Hour6,Hour7,Hour8,Hour9,Hour10,Hour11,Hour12,Hour13,Hour14,Hour15,Hour16,Hour17,Hour18,Hour19,Hour20,Hour21,Hour22,Hour23
Winter,0.0,0.0,0.0,0.0,0.0,0.0,0.0,0.0,0.0,0.0,0.0,0.0,0.0,0.0,0.0,0.0,0.0,0.0,0.0,0.0,0.0,0.0,0.0,0.0
Spring,0.0,0.0,0.0,0.0,0.0,0.0,0.0,0.0,0.0,0.0,0.0,0.0,0.0,0.0,0.0,0.0,0.0,0.0,0.0,0.0,0.0,0.0,0.0,0.0
Summer,0.1654308119912648,0.1654308119912648,0.1654308119912648,0.1654308119912648,0.1654308119912648,0.1654308119912648,0.1654308119912648,0.1654308119912648,0.1654308119912648,0.1654308119912648,0.17423069287274193,0.21471113758189417,0.2217490569783603,0.22398749255509254,0.24814869962279149,0.259514592019059,0.2968433591423468,0.33730891403613283,0.33850009926543595,0.3361028389914633,0.2856362914433195,0.2451707365495335,0.17247369465951978,0.1630881477069686
Fall,0.010622052548843474,0.010622052548843474,0.010622052548843474,0.010622052548843474,0.010622052548843474,0.010622052548843474,0.010622052548843474,0.010622052548843474,0.010622052548843474,0.010622052548843474,0.010622052548843474,0.010622052548843474,0.010622052548843474,0.010622052548843474,0.0141627367317913,0.0141627367317913,0.0141627367317913,0.019470020211093647,0.019470020211093647,0.01592933602814582,0.013271951493375254,0.010622052548843474,0.010622052548843474,0.010622052548843474
Summer Peak,0.21598173515981733,0.21598173515981733,0.21598173515981733,0.21598173515981733,0.21598173515981733,0.21598173515981733,0.21598173515981733,0.21598173515981733,0.21598173515981733,0.21598173515981733,0.21598173515981733,0.5397260273972603,0.5397260273972603,0.5397260273972603,0.5397260273972603,0.5397260273972603,0.5397260273972603,0.5397260273972603,0.5397260273972603,0.5397260273972603,0.5397260273972603,0.5397260273972603,0.21598173515981733,0.21598173515981733
Winter Peak,0.0,0.0,0.0,0.0,0.0,0.0,0.0,0.0,0.0,0.0,0.0,0.0,0.0,0.0,0.0,0.0,0.0,0.0,0.0,0.0,0.0,0.0,0.0,0.0
