hard coal,Hour0,Hour1,Hour2,Hour3,Hour4,Hour5,Hour6,Hour7,Hour8,Hour9,Hour10,Hour11,Hour12,Hour13,Hour14,Hour15,Hour16,Hour17,Hour18,Hour19,Hour20,Hour21,Hour22,Hour23
Winter,0.0,0.0,0.0,0.0,0.0,0.0,0.0,0.0,0.0,0.0,0.0,0.0,0.0,0.0,0.0,0.0,0.0,0.0,0.0,0.0,0.0,0.0,0.0,0.0
Spring,0.0,0.0,0.0,0.0,0.0,0.0,0.0,0.0,0.0,0.0,0.0,0.0,0.0,0.0,0.0,0.0,0.0,0.0,0.0,0.0,0.0,0.0,0.0,0.0
Summer,0.1588096362777517,0.1588096362777517,0.1588096362777517,0.1588096362777517,0.1588096362777517,0.1588096362777517,0.1588096362777517,0.1588096362777517,0.1588096362777517,0.1588096362777517,0.16253083503910162,0.18672649976381694,0.19416889728651676,0.19653597858604965,0.2220857607725819,0.2341048653755316,0.2735789639426864,0.31637012543956344,0.3176297695900909,0.3150947357371544,0.2617278118931403,0.21893665039626317,0.15695166115572368,0.15633233611504763
Fall,0.010622052548843474,0.010622052548843474,0.010622052548843474,0.010622052548843474,0.010622052548843474,0.010622052548843474,0.010622052548843474,0.010622052548843474,0.010622052548843474,0.010622052548843474,0.010622052548843474,0.010622052548843474,0.010622052548843474,0.010622052548843474,0.0141627367317913,0.0141627367317913,0.0141627367317913,0.019470020211093647,0.019470020211093647,0.01592933602814582,0.013271951493375254,0.010622052548843474,0.010622052548843474,0.010622052548843474
Summer Peak,0.21598173515981733,0.21598173515981733,0.21598173515981733,0.21598173515981733,0.21598173515981733,0.21598173515981733,0.21598173515981733,0.21598173515981733,0.21598173515981733,0.21598173515981733,0.21598173515981733,0.5397260273972603,0.5397260273972603,0.5397260273972603,0.5397260273972603,0.5397260273972603,0.5397260273972603,0.5397260273972603,0.5397260273972603,0.5397260273972603,0.5397260273972603,0.5397260273972603,0.21598173515981733,0.21598173515981733
Winter Peak,0.0,0.0,0.0,0.0,0.0,0.0,0.0,0.0,0.0,0.0,0.0,0.0,0.0,0.0,0.0,0.0,0.0,0.0,0.0,0.0,0.0,0.0,0.0,0.0
