Unit: dimensionless (ratio of electricity demand in this hour to annual demand),Hour0,Hour1,Hour2,Hour3,Hour4,Hour5,Hour6,Hour7,Hour8,Hour9,Hour10,Hour11,Hour12,Hour13,Hour14,Hour15,Hour16,Hour17,Hour18,Hour19,Hour20,Hour21,Hour22,Hour23
Winter,0.0,0.0,0.0,0.0,0.0,0.0,0.0,0.0,0.0,0.0,0.0,0.0,0.0,0.0,0.0,0.0,0.0,0.0,0.0,0.0,0.0,0.0,0.0,0.0
Spring,0.0,0.0,0.0,0.0,0.0,0.0,0.0,0.0,0.0,0.0,0.0,0.0,0.0,0.0,0.0,0.0,0.0,0.013749999778295621,0.09448113764100276,0.03903892332605363,0.0,0.0,0.0,0.0
Summer,0.2028445263355958,0.2028445263355958,0.2028445263355958,0.2028445263355958,0.2028445263355958,0.2028445263355958,0.2028445263355958,0.2028445263355958,0.2028445263355958,0.2028445263355958,0.21483393101153075,0.29058704821509834,0.3572272259803907,0.46105687564378744,0.6445823836554753,0.8195301566085956,0.95,0.95,0.95,0.95,0.8057408947329465,0.4708228057538304,0.22570333269981374,0.2034499892053043
Fall,0.0,0.0,0.0,0.0,0.0,0.0,0.0,0.0,0.0,0.0,0.0,0.0,0.0,0.0,0.002166021143018182,0.03168000707738104,0.0670064094602747,0.20695630791672284,0.1713244809697777,0.06743961368887832,0.030199632914886594,0.0,0.0,0.0
Summer Peak,0.005133002622375462,0.005133002622375462,0.005133002622375462,0.005133002622375462,0.005133002622375462,0.005133002622375462,0.005133002622375462,0.005133002622375462,0.005133002622375462,0.005133002622375462,0.005133002622375462,0.95,0.95,0.95,0.95,0.95,0.95,0.95,0.95,0.95,0.95,0.95,0.0,0.0
Winter Peak,0.0,0.0,0.0,0.0,0.0,0.0,0.0,0.0,0.0,0.0,0.0,0.0,0.0,0.0,0.0,0.0,0.0,0.0,0.0,0.0,0.0,0.0,0.0,0.0
