solar pv,Hour0,Hour1,Hour2,Hour3,Hour4,Hour5,Hour6,Hour7,Hour8,Hour9,Hour10,Hour11,Hour12,Hour13,Hour14,Hour15,Hour16,Hour17,Hour18,Hour19,Hour20,Hour21,Hour22,Hour23
Winter,0,0,0,0,0.0,0.0,0.010761367617660599,0.19327423111007294,0.40664058474791664,0.4372635968316995,0.41411171488043313,0.4041444832963515,0.41129445547411136,0.42364993439447124,0.38083597243880846,0.19466568659105432,0.02080244835711391,0.0,0.0,0,0,0,0,0
Spring,0,0,0,0,0.004429231900087245,0.11619091208859149,0.3714131636978162,0.5499529426312283,0.6238858223361065,0.6615785171089599,0.657979229495696,0.6570938983423442,0.6565417470992739,0.6569298845205296,0.6232121634711163,0.5628911429101379,0.3725492384949885,0.10102950874854877,0.00011377922193903839,0,0,0,0,0
Summer,0,0,0,0,0.02219485927758195,0.22406710217335643,0.4801942526919507,0.6032757440208638,0.6713640730590622,0.6983480530235752,0.6938867428349342,0.6797295972017153,0.6754662445992993,0.6680755253594562,0.6343986720496599,0.5765941488096213,0.44892648872277424,0.21391814363003372,0.016257947815474478,0,0,0,0,0
Fall,0,0,0,0,0.0,0.01591684388023903,0.24466287114479535,0.4739638510214497,0.5417975802252969,0.5464055648083632,0.5388168954254291,0.5241912715084608,0.5174049198459342,0.518852847547977,0.48831491261924687,0.37091102885753585,0.12473741740466086,0.0011345122244987296,0.0,0,0,0,0,0
Summer Peak,0,0,0,0,0.00825564860167483,0.2118818138726497,0.4123874229736135,0.634697424553642,0.6420840575130352,0.7475114552061938,0.7646547637857481,0.6905514299257387,0.669142044556802,0.618067625217254,0.4834492020856376,0.17103807868541634,0.13509243166376994,0.04289777215989888,0.0,0,0,0,0,0
Winter Peak,0,0,0,0,0.0,0.0,0.0,0.16594248696476538,0.40318375730763156,0.581647969663454,0.52018486332754,0.42846421235582244,0.37616527097487756,0.47373202717648916,0.3006004108073945,0.052693948491072846,0.0,0.0,0.0,0,0,0,0,0
