Unit: dimensionless (ratio of electricity demand in this hour to annual demand),Hour0,Hour1,Hour2,Hour3,Hour4,Hour5,Hour6,Hour7,Hour8,Hour9,Hour10,Hour11,Hour12,Hour13,Hour14,Hour15,Hour16,Hour17,Hour18,Hour19,Hour20,Hour21,Hour22,Hour23
Winter,0,0,0,0,0.0,0.0,0.010709959445936697,0.1997883420234897,0.4179389187338704,0.4480776320640437,0.42326624795913,0.4121879443829989,0.4193645652288406,0.4321782667088008,0.38879002738715984,0.19973139516511298,0.021906106809922582,0.0,0.0,0,0,0,0,0
Spring,0,0,0,0,0.004429231900087245,0.11619091208859149,0.3714131636978162,0.5499529426312283,0.6238858223361065,0.6615785171089599,0.657979229495696,0.6570938983423442,0.6565417470992739,0.6569298845205296,0.6232121634711163,0.5628911429101379,0.3725492384949885,0.10102950874854877,0.00011377922193903839,0,0,0,0,0
Summer,0,0,0,0,0.021687607768244188,0.22794829872155095,0.4851387161925435,0.6113276017229181,0.6784758049557935,0.7058351995988104,0.7014115493209311,0.6860775450479849,0.6801052092850717,0.6711192268852141,0.6380395281897681,0.5786635192042155,0.449372539792673,0.21436735317757463,0.01605188676004864,0,0,0,0,0
Fall,0,0,0,0,0.0,0.01591684388023903,0.24466287114479535,0.4739638510214497,0.5417975802252969,0.5464055648083632,0.5388168954254291,0.5241912715084608,0.5174049198459342,0.518852847547977,0.48831491261924687,0.37091102885753585,0.12473741740466086,0.0011345122244987296,0.0,0,0,0,0,0
Summer Peak,0,0,0,0,0.00825564860167483,0.2118818138726497,0.4123874229736135,0.634697424553642,0.6420840575130352,0.7475114552061938,0.7646547637857481,0.6905514299257387,0.669142044556802,0.618067625217254,0.4834492020856376,0.17103807868541634,0.13509243166376994,0.04289777215989888,0.0,0,0,0,0,0
Winter Peak,0,0,0,0,0.0,0.0,0.0,0.16594248696476538,0.40318375730763156,0.581647969663454,0.52018486332754,0.42846421235582244,0.37616527097487756,0.47373202717648916,0.3006004108073945,0.052693948491072846,0.0,0.0,0.0,0,0,0,0,0
