solar pv,Hour0,Hour1,Hour2,Hour3,Hour4,Hour5,Hour6,Hour7,Hour8,Hour9,Hour10,Hour11,Hour12,Hour13,Hour14,Hour15,Hour16,Hour17,Hour18,Hour19,Hour20,Hour21,Hour22,Hour23
Winter,0,0,0,0,0.0,0.0,0.0075590337329672,0.13576029409837573,0.28563376017919373,0.3071440727686914,0.2908816549358415,0.2838804407365678,0.28890274671120686,0.2975815211257797,0.26750800313409684,0.13673768463946262,0.014612121288531517,0.0,0.0,0,0,0,0,0
Spring,0,0,0,0,0.003111195020319566,0.08161518639141332,0.26088920414282674,0.38629967793979514,0.4382318441402534,0.46470806550888777,0.46217984256827727,0.4615579654713505,0.4611701216562931,0.4614427583660997,0.43775865055874097,0.3953877693262154,0.26168720937971746,0.07096546570921825,7.992115940138476e-05,0,0,0,0,0
Summer,0,0,0,0,0.015590182952431622,0.15738991956719414,0.33729955926034144,0.42375484802236757,0.4715816665371873,0.49053583872499756,0.4874021111722074,0.4774578043511665,0.4744631267895238,0.46927171450534727,0.44561631314435574,0.4050130778852553,0.31533635802097687,0.15026105614489435,0.011419958905995243,0,0,0,0,0
Fall,0,0,0,0,0.0,0.011180359605562356,0.1718568644707407,0.3329231808974313,0.3805711625947902,0.383807917637637,0.3784774605905424,0.3682040837780431,0.3634371932708709,0.3644542512073248,0.3430036987810143,0.26053649300693466,0.08761844957119085,0.0007969076496723044,0.0,0,0,0,0,0
Summer Peak,0,0,0,0,0.005798958690452174,0.14883069098366247,0.28967047238430954,0.4458261638190695,0.4510147058052635,0.525069350517306,0.5371112073194888,0.4850593101745689,0.4700208622787551,0.4341450077966755,0.3395859110643261,0.12014110588353068,0.09489205129830829,0.03013238821928737,0.0,0,0,0,0,0
Winter Peak,0,0,0,0,0.0,0.0,0.0,0.11656184429947168,0.2832056045619394,0.40856299864549406,0.3653898899261468,0.3009631814130848,0.26422719430227776,0.332760342462167,0.2111486872456509,0.03701344924910622,0.0,0.0,0.0,0,0,0,0,0
